date,sales,month,year
2020-03-24,83,3,2020
2020-02-23,53,2,2020
2020-03-11,70,3,2020
2020-02-15,45,2,2020
2020-02-14,44,2,2020
2020-02-09,39,2,2020
2020-01-23,22,1,2020
2020-03-21,80,3,2020
2020-01-11,10,1,2020
2020-01-01,0,1,2020
2020-01-19,18,1,2020
2020-01-31,30,1,2020
2020-03-14,73,3,2020
2020-02-03,33,2,2020
2020-03-31,90,3,2020
2020-01-05,4,1,2020
2020-03-17,76,3,2020
2020-03-18,77,3,2020
2020-01-13,12,1,2020
2020-02-01,31,2,2020
